testid,t_x,t_y,p_x,p_y,error
1-26,26.16932500000001,64.530086,24.247308780152856,64.084208337234,1.9730568262240225
1-27,26.16932500000001,64.530086,26.51973038918917,64.084208337234,0.567089787358644
1-28,26.16932500000001,64.530086,26.8249666467766,61.83536848378576,2.773331653657701
1-29,26.16932500000001,64.530086,24.597173191822588,58.5244340632729,6.208020336070871
1-30,26.16932500000001,64.530086,26.8249666467766,64.1011822528459,0.7834694590797646
1-31,26.16932500000001,64.530086,26.51973038918917,64.084208337234,0.567089787358644
1-32,26.16932500000001,64.530086,26.148129788382974,64.62974875221343,0.10189161483776368
1-33,26.16932500000001,64.530086,24.55254503774029,64.26526492771578,1.6383246463049705
1-34,26.16932500000001,64.530086,24.55254503774029,64.26526492771578,1.6383246463049705
1-35,26.16932500000001,64.530086,26.8249666467766,64.26526492771578,0.7071040724770856
2-26,26.16932500000001,61.713816,26.098261400090436,62.419014494151156,0.7087700271492613
2-27,26.16932500000001,61.713816,24.31338666461457,61.32881922051948,1.8954497157570975
2-28,26.169325000000004,61.713816,25.198197658024085,61.76109749476713,0.9722776630575377
2-29,26.16932500000001,61.713816,22.953947383785874,62.235843595647886,3.2574784765933327
2-30,26.169325000000004,61.713816,25.836082947243398,61.96537742676536,0.4175325342553063
2-31,26.16932500000001,61.713816,25.957530900833397,62.12946010163525,0.46649411536049723
2-32,26.16932500000001,61.713816,24.072455790507995,62.60099725596772,2.2768291685271715
2-33,26.16932500000001,61.71381599999999,24.2107027942902,63.267952424746305,2.5003081752901655
2-34,26.16932500000001,61.713816,26.098261400090436,62.082841825675935,0.37580592763807313
2-35,26.16932500000001,61.713816,25.957530900833397,62.419014494151156,0.7363162748404071
3-26,22.200978999999997,64.154583,22.528734380886537,63.26940408588657,0.9439095823706395
3-27,22.200978999999997,64.154583,22.528734380886537,63.26940408588657,0.9439095823706395
3-28,22.200978999999997,64.154583,18.38427382261444,64.56401871861915,3.8386033943040925
3-29,22.200978999999997,64.154583,22.644260339285847,63.26940408588657,0.9899697246633814
3-30,22.200979,64.154583,22.836852130745644,58.060871217308275,6.126798342439569
3-31,22.200979,64.154583,22.644260339285847,63.26940408588657,0.9899697246633797
3-32,22.200979,64.154583,22.644260339285847,63.26940408588657,0.9899697246633797
3-33,22.200978999999997,64.154583,22.342391658100144,63.38686848479715,0.7806299486466702
3-34,22.200979,64.154583,21.365918529534934,63.06512415388834,1.3726786101284927
3-35,22.200979,64.154583,21.481444487934244,63.06512415388834,1.3056226451102395
4-26,21.823041,61.52606400000001,22.444376940760716,63.16970022256985,1.7571563343722871
4-27,21.823041,61.52606400000001,21.2873165236456,63.38686848479715,1.9363868531898085
4-28,21.823040999999996,61.52606400000001,22.46307587797225,63.38686848479715,1.96780028856134
4-29,21.823041,61.52606400000001,22.661536229528092,58.060871217308275,3.565197788504906
4-30,21.823041,61.52606400000001,22.644260339285847,63.26940408588657,1.927079619080653
4-31,21.823041,61.52606400000001,22.271470579409172,63.26326001825126,1.7941402101054067
4-32,21.823041,61.52606400000001,20.343259249163854,63.05898008625303,2.130630366253367
4-33,21.823041,61.52606400000001,21.180800172631297,57.54190419555711,4.035591979831181
4-34,21.823041,61.52606400000001,22.719479980681164,63.26940408588657,1.9603156636479844
4-35,21.823040999999996,61.52606400000001,22.921306851123525,63.356714266660966,2.1348227745107806
5-26,18.610570000000003,64.154583,18.30355614996671,63.60445841193224,0.6299956876907874
5-27,18.610570000000003,64.154583,18.036986614628677,63.749661472644114,0.7021106346511609
5-28,18.610570000000003,64.154583,18.37392443144456,63.60445841193224,0.5988640810013999
5-29,18.610570000000003,64.154583,17.807483458615874,63.13331935041145,1.2992026150386462
5-30,18.610570000000003,64.154583,17.630409329404642,63.13331935041145,1.4155191210834563
5-31,18.610570000000003,64.154583,20.265204603063047,63.18258855279892,1.9190072628948904
5-32,18.610570000000003,64.154583,17.630409329404642,63.40017847993401,1.2368674626159193
5-33,18.610570000000003,64.154583,14.846967005534601,63.50580381104165,3.8191127157985783
5-34,18.610570000000003,64.154583,21.237183673018706,63.38686848479715,2.7365096316552506
5-35,18.610570000000003,64.154583,17.807483458615874,63.47566362831792,1.0516080573091473
6-26,18.799539000000006,61.338313,15.44778303333654,53.1202373685646,8.875304791614566
6-27,18.799539000000006,61.33831299999999,15.947494346276132,62.99946085890098,3.300541003527494
6-28,18.799539000000006,61.338313,15.656710118089856,53.34870463712632,8.585523581766559
6-29,18.799539000000006,61.33831299999999,15.814497207084326,62.997378638546444,3.415109558778284
6-30,18.799539000000006,61.338313,15.66393377358034,62.86861523330145,3.4891037618846665
6-31,18.799539000000006,61.33831299999999,14.230857636275523,63.27733654247994,4.963130232175544
6-32,18.799539000000006,61.338313,14.325953906604873,55.75046998001583,7.157999245867029
6-33,18.799539000000006,61.338313,15.44778303333654,53.1202373685646,8.875304791614566
6-34,18.799539000000006,61.33831299999999,21.156991444781617,62.836656885326626,2.793316385249352
6-35,18.799539000000006,61.33831299999999,15.947494346276132,62.86861523330145,3.236662421705785
7-26,15.209129999999998,64.34233499999999,15.007955323226698,63.50580381104165,0.8603811252432815
7-27,15.209129999999998,64.34233499999999,15.01231336487275,64.06428312722961,0.3406605815381729
7-28,15.209129999999998,64.34233499999999,15.007955323226698,63.50580381104165,0.8603811252432815
7-29,15.209129999999995,64.34233499999999,15.007955323226698,63.50580381104165,0.8603811252432806
7-30,15.209129999999998,64.34233499999999,15.007955323226698,63.50580381104165,0.8603811252432815
7-31,15.209129999999998,64.34233499999999,11.72390751829864,62.65076502937589,3.8740398439450514
7-32,15.209129999999998,64.34233499999999,15.262579040787715,63.22832442381897,1.1152920531431678
7-33,15.209129999999998,64.34233499999999,15.01231336487275,63.67619927717187,0.6946031882237216
7-34,15.209129999999998,64.34233499999999,15.494916697752183,55.49451574624486,8.852433540204194
7-35,15.209129999999998,64.34233499999999,14.735799088781343,63.67619927717187,0.8171774303924629
8-26,15.020160999999998,61.526064,14.731441047135291,63.50580381104165,2.000682116330688
8-27,15.020160999999998,61.526064,14.731441047135291,63.50580381104165,2.000682116330688
8-28,15.020160999999998,61.52606400000001,14.91014153793084,63.282335839098,1.7597144810572611
8-29,15.020160999999998,61.52606400000001,13.06840062693257,64.38837883821142,3.4644212773451097
8-30,15.020160999999995,61.526064,14.43978472102884,63.40609994772493,1.9675801864042026
8-31,15.020160999999995,61.526064,14.43978472102884,63.40609994772493,1.9675801864042026
8-32,15.020160999999998,61.526064,14.731441047135291,63.50580381104165,2.000682116330688
8-33,15.020160999999998,61.526064,14.442500996143885,63.49991505707422,2.056642670851712
8-34,15.020160999999998,61.52606400000001,15.007955323226698,63.40609994772493,1.8800755685034134
8-35,15.020160999999998,61.52606400000001,14.150844670037433,63.49991505707422,2.1568029295817794
9-26,10.862846000000001,64.154583,14.894124508802731,55.75046998001583,9.320961434755658
9-27,10.862846,64.154583,15.314785894144734,53.2490007738096,11.7792823428797
9-28,10.862846,64.154583,14.666031099281575,63.40609994772493,3.8761377399339687
9-29,10.862846,64.154583,14.097860497083717,63.40609994772493,3.3204737125724733
9-30,10.862846000000005,64.154583,11.23947206578211,62.55106116605917,1.6471579964749814
9-31,10.862846000000005,64.154583,10.81381269215566,62.55106116605917,1.6042713415139993
9-32,10.862846000000005,64.154583,11.105469018262111,62.55106116605917,1.6217731656787218
9-33,10.862846000000001,64.154583,14.389516823190169,63.40609994772493,3.6052231518567366
9-34,10.862846000000001,64.154583,15.15299247380706,55.39481188292814,9.753919560371903
9-35,10.862846,64.154583,14.666031099281575,63.40609994772493,3.8761377399339687
10-26,11.051815,60.96281,13.342076057142027,59.047214870067506,2.98576630225515
10-27,11.051815,60.96281000000001,13.342076057142027,59.047214870067506,2.9857663022551595
10-28,11.051815,60.96281,12.757501378763715,57.87331810587389,3.529068742114694
10-29,11.051815,60.96281,13.342076057142027,59.047214870067506,2.98576630225515
10-30,11.051815,60.96281,13.301007598960204,58.84293493806928,3.0907503337236957
10-31,11.051815,60.96281,12.536726845697736,60.99028444116212,1.4851659955744436
10-32,11.051815,60.96281,13.342076057142027,58.94751100675079,3.0506926659453253
10-33,11.051815,60.96281,10.549178929445464,57.987896156403515,3.0170772937139843
10-34,11.051815,60.96281,10.549178929445464,57.987896156403515,3.0170772937139843
10-35,11.051815,60.96281,12.843557416615772,57.00885178986433,4.340982194734202
11-26,9.351095,58.89754599999999,9.364498375289235,59.262050816329165,0.364751163940992
11-27,9.351095,58.89754599999999,8.076647060757072,59.08753742859272,1.2885318361527796
11-28,9.351095,58.897546,10.964354705932816,58.57214724239472,1.6457494433350093
11-29,9.351095,58.897546,12.469980723735759,59.18162423811894,3.1317963859573448
11-30,9.351095,58.897546,9.388557551526164,56.05271935728286,2.8450732978044893
11-31,9.351095,58.89754600000001,9.253083184338285,57.71710846072896,1.184499514617717
11-32,9.351095,58.89754600000001,8.12199068306441,57.71710846072896,1.704150875371663
11-33,9.351095,58.897546,8.288869944414985,55.89009123471132,3.189530723158215
11-34,9.351095,58.89754600000001,16.008253070443992,57.24697806202699,6.8587264191497015
11-35,9.351095,58.89754600000001,12.832581686521845,58.16342593321623,3.5580446625757065
12-26,9.162126,54.76701600000001,9.52011845080783,51.81827087286132,2.9703966771560295
12-27,9.162126,54.76701600000001,11.747806021896166,54.459452647864026,2.603907907590066
12-28,9.162126,54.76701600000001,9.90112933086215,51.98457458926403,2.8789071063866936
12-29,9.162126,54.76701600000001,8.922234052875817,53.88696070747384,0.9121652614512128
12-30,9.162126,54.76701600000001,11.246121009078296,54.090138462736626,2.1911637086979585
12-31,9.162126,54.76701600000001,9.309185060879194,54.72318377173228,0.15345237574434933
12-32,9.162126,54.76701600000001,8.684637860130806,51.546231455251935,3.2559864875953997
12-33,9.162126,54.76701600000001,7.872251943259523,53.54597588586215,1.7761514694940699
12-34,9.162126,54.76701600000001,9.373500150520304,52.78041938803513,1.997810083611187
12-35,9.162126,54.76701600000001,6.778309002091787,56.421478294904226,2.901694154244352
13-26,9.351095,50.636487,9.097194314526384,49.27637358529417,1.38360907013026
13-27,9.351095,50.636487,9.153851324520367,51.86153769737039,1.24082806167671
13-28,9.351094999999997,50.636487,8.565600092914536,50.19863067356691,0.8992888366118414
13-29,9.351094999999997,50.636487,8.879483277211497,49.65568222688381,1.0882994165389595
13-30,9.351095,50.636487,8.812673309197226,50.68194746121617,0.5403374599830232
13-31,9.351095,50.636487,8.390131001628426,52.780734944777684,2.3497342519633144
13-32,9.351095,50.636487,9.614340048480617,47.906515928912256,2.7426337714914726
13-33,9.351094999999997,50.636487,9.097194314526384,49.05899929723936,1.597790039537429
13-34,9.351095,50.636487,8.565600092914536,49.985493326686324,1.020193614835752
13-35,9.351095,50.636487,9.921327499116304,51.050846750285004,0.7048823346521552
14-26,9.351095,48.007968,10.706330824157563,51.17748010490052,3.447096041915709
14-27,9.351095,48.007968,9.442466986014526,47.34212368478112,0.6720844381009975
14-28,9.351095,48.007968,10.029918180741483,50.063921855636316,2.165120589532561
14-29,9.351095,48.007968,10.393861330084723,49.077537654100475,1.4937673393574293
14-30,9.351095,48.007968,10.448755681568784,48.314070995800705,1.1395428977885005
14-31,9.351095,48.007968,10.408641255359845,49.60412674631499,1.914713248939243
14-32,9.351095,48.007968,8.531878072709727,53.19085790769694,5.247233954119609
14-33,9.351095,48.007968,10.14820239448841,44.78463540943124,3.3204296691498842
14-34,9.351095,48.007968,9.318960313819657,51.584030702675484,3.576207081744933
14-35,9.351094999999997,48.007968,10.436577796632129,48.78094730803619,1.3325801711103251
15-26,9.162126,44.62844299999998,9.165484896946197,36.866622552899535,7.761821173875065
15-27,9.162126,44.62844299999999,11.145353701128926,35.466357247048215,9.374273703011184
15-28,9.162126,44.628443,9.096899118485398,41.19299935255236,3.4360628051391067
15-29,9.162126,44.62844299999998,8.296851388827694,40.99414047949854,3.735887439854489
15-30,9.162126,44.62844299999998,10.232790977196437,42.56715915167524,2.32276012467054
15-31,9.162126,44.62844299999998,9.688157484440236,43.09086552659906,1.6250703398106687
15-32,9.162126,44.62844299999999,8.983924744859591,44.26362953269187,0.40601053343846666
15-33,9.162126,44.62844299999998,7.4141960192884975,39.82138032058438,5.114988838824618
15-34,9.162126,44.62844299999998,10.823786696138079,35.19581337521232,9.577871261794657
15-35,9.162126,44.62844299999998,8.267436083988565,42.21250631126612,2.576280289445017
16-26,9.162126,41.06116700000001,10.208033221474835,39.41927148498987,1.9467261744127307
16-27,9.162126,41.06116699999999,9.62810057207035,42.02454293500315,1.0701520891720726
16-28,9.162126,41.06116700000001,9.95586568662897,37.882662262803336,3.2761127963657724
16-29,9.162126,41.061167,10.198443512641871,41.837151199535654,1.294644918476579
16-30,9.162126,41.061167,8.552594583836196,37.67369371890517,3.4418750380311613
16-31,9.162126,41.06116700000001,8.697331511659252,40.558352254975084,0.684731030556102
16-32,9.162126,41.06116700000001,10.41386986410915,41.83521870763693,1.4717400407104986
16-33,9.162126,41.061167,7.717110087092536,39.96551384056507,1.8134295779918024
16-34,9.162126,41.061167,8.297124267836768,44.42449946599081,3.4727846569335754
16-35,9.162126,41.06116700000001,11.827087278451017,43.81377195028615,3.831299078378383
17-26,9.266892,36.862216,7.891869534223705,38.88228716393066,2.44363955785908
17-27,9.266892000000002,36.862216,7.934239751693356,36.40633758530828,1.4084697880673875
17-28,9.266892,36.862216,8.096324943591538,36.663997053606124,1.1872312261132068
17-29,9.266892000000002,36.862216,10.489970175660398,32.21005959029717,4.8102473412617615
17-30,9.266892,36.862216,8.880738044127936,36.8528249874091,0.38626813064648063
17-31,9.266892,36.862216,8.538884928882455,36.85096494493381,0.7280940061813785
17-32,9.266892,36.862216,8.152139506031375,34.37775013487153,2.7230945187043716
17-33,9.266892,36.862216,10.237546943370218,34.37775013487153,2.667347306609614
17-34,9.266892,36.862216,9.356428934343938,37.53363006056892,0.6773578842394598
17-35,9.266892,36.862216,5.7106366305935055,36.87812588645501,3.5562909578547615
18-26,8.903640999999997,33.253111,10.046816421234977,38.7719049344045,5.635950366542962
18-27,8.903641,33.253111,10.894277504431216,35.652522697040425,3.117661011827385
18-28,8.903640999999997,33.253111,7.603058534440292,29.979741585763556,3.5222808053560954
18-29,8.903640999999997,33.253111,9.323745007480444,33.36475726946598,0.43468640027818073
18-30,8.903640999999997,33.253111,13.064516085958214,34.71901366438294,4.411547585869704
18-31,8.903640999999997,33.253111,11.531129234558978,44.03309008211188,11.09556863948467
18-32,8.903640999999997,33.253111,10.319277166767023,28.216093298422052,5.232167149725666
18-33,8.903640999999997,33.253111,13.242849501935241,37.79799565361571,6.28368577651196
18-34,8.903640999999997,33.253111,9.641056175990535,32.4020221285763,1.1261142965269648
18-35,8.903640999999997,33.253111,6.681028082591352,40.637649253126064,7.711771093109154
19-26,9.540064,29.483166999999995,10.318954740514688,32.26061185622635,2.884591949485706
19-27,9.540064,29.48316699999999,5.766514176564203,35.10414520369565,6.770160576852962
19-28,9.540064,29.483166999999995,9.747893234022925,31.421667674390935,1.9496096673767005
19-29,9.540064,29.483166999999995,8.915655653248098,28.52203518644039,1.146150141355754
19-30,9.540064,29.483166999999995,9.040827079554909,32.265038104049296,2.8263128528667836
19-31,9.540064,29.483167,11.11738161535832,28.35629381488106,1.938497881107888
19-32,9.540064,29.483166999999995,10.507736663450686,31.390464763158985,2.138732133985234
19-33,9.540064,29.483167,8.470664662764221,32.265038104049296,2.9803392058664664
19-34,9.540064,29.48316699999999,12.668424967777424,28.73319791957591,3.2170010827330238
19-35,9.540064,29.483167,11.2938800545191,29.859729467469055,1.7937865104285202
20-26,5.382748999999999,34.489871,8.667026240165221,37.68688583119177,4.583380937815168
20-27,5.382748999999999,34.489871,9.569837344580659,39.669039166005945,6.659991869146132
20-28,5.382748999999999,34.489871,5.145517130571726,32.9783341070075,1.5300401101768086
20-29,5.382748999999999,34.489871,5.976704268096784,32.03537639672838,2.525336931577533
20-30,5.382749,34.489871,11.267837946512644,30.529830549904087,7.09339074595226
20-31,5.382748999999998,34.489871,8.697992264835555,29.911146880941484,5.652924240027078
20-32,5.382748999999999,34.489871,10.5240307329894,34.734467775520336,5.147096797279555
20-33,5.382749,34.489871,11.677188390108153,30.690994252097823,7.351967884960932
20-34,5.382748999999999,34.489871,6.045239538629302,31.729673070604097,2.8385887907928438
20-35,5.382748999999999,34.489871,5.403337241568607,33.25810189588565,1.2319411518175507
21-26,5.193779,31.485851000000004,4.179468674753975,33.23915946777662,2.025565604733125
21-27,5.193779,31.485851,4.264258660056052,32.58068257002633,1.4361978377284368
21-28,5.193779,31.485851000000004,4.964659929145015,31.504984417059827,0.2299165854779439
21-29,5.193779,31.48585100000001,4.2361321240069545,30.34911496857135,1.486356735190924
21-30,5.193779,31.48585100000001,6.771810484131349,31.304532925362974,1.5884141805901473
21-31,5.193779,31.48585100000001,4.2485272647509555,32.7112058470383,1.5475772498171327
21-32,5.193779,31.485851,5.27609133955858,31.43956300897497,0.0944346300714945
21-33,5.193779,31.485851,5.141727395520743,36.504597230266064,5.0190161479456
21-34,5.193779,31.48585100000001,5.435497077261175,32.62594826236729,1.1654395722353859
21-35,5.193779,31.48585100000001,5.264735767637757,32.05399256462779,0.5725554124548125
22-26,1.981309,34.489871,2.120655145194648,34.15214276340814,0.3653460140360828
22-27,1.981309,34.489871,1.2144338041508504,31.834338705491497,2.7640458268969184
22-28,1.981309,34.489871,1.7062638873881002,31.734231780179865,2.7693315662416844
22-29,1.981309,34.489871,3.1023869640540656,34.914411957998325,1.1987705478971962
22-30,1.981309,34.489871,2.099181381727023,31.946765127222623,2.5458360863435003
22-31,1.981309,34.489871,2.8557552289694903,36.64858700871509,2.3291009024174474
22-32,1.981309,34.489871,1.9227577486795,35.09732512035457,0.6102694137566933
22-33,1.981309,34.489871,2.120655145194648,34.6740464972759,0.23095012876686977
22-34,1.981309,34.489871,4.409783836968773,36.64858700871509,3.249237578274835
22-35,1.981309,34.489871,4.367695851481496,35.11209596440044,2.4661723604093235
23-26,2.0018700000000003,31.44856099999999,2.6601639984747254,33.27892175232081,1.945140476177565
23-27,2.0018700000000003,31.44856099999999,4.145315324278651,31.986114934685283,2.209823995450237
23-28,2.0018700000000003,31.44856099999999,1.2494793961608663,33.565968135274304,2.2471102770571783
23-29,2.0018700000000003,31.44856099999999,6.1945205212300385,31.00434935914619,4.216116978339256
23-30,2.0018700000000003,31.44856099999999,2.981610754952578,32.50087669597999,1.4377970200695636
23-31,2.0018700000000003,31.44856099999999,3.7375364493055048,33.26003910028083,2.508782758837809
23-32,2.0018700000000003,31.448560999999994,5.333095918165084,36.56332942404408,6.103926781134682
23-33,2.0018700000000003,31.448560999999994,3.933853756606484,31.046864069568684,1.97330222209099
23-34,2.0018700000000003,31.44856099999999,2.193837587475066,32.60699760584022,1.174234612158758
23-35,2.0018700000000003,31.448560999999994,4.4876872796997045,33.16791056766203,3.022490774820207
24-26,11.807689999999996,27.730821999999996,14.158662237722638,23.794027629628452,4.585348446643034
24-27,11.80769,27.730821999999996,15.96335482213637,19.871199270894333,8.890625374956256
24-28,11.80769,27.730821999999996,12.402067992345824,25.743808016443932,2.0740081409272224
24-29,11.807689999999996,27.730822,13.179403243256754,30.117388195564924,2.7526887632893065
24-30,11.807689999999996,27.730821999999996,14.766008710840515,23.74331640434095,4.965062987548228
24-31,11.80769,27.730821999999996,12.856473909227102,22.449400159100566,5.384548667231377
24-32,11.807689999999996,27.730821999999996,12.86826995955202,20.544173271389138,7.26448551509654
24-33,11.80769,27.730822,12.349289140406961,29.709314638867575,2.0512831961829994
24-34,11.80769,27.730821999999996,15.810286936315196,18.797920165527962,9.788642266367365
24-35,11.807689999999996,27.730822,15.784722362007047,26.202989892967302,4.260405773600838
25-26,14.453254999999999,27.16756900000001,14.742860283914313,27.2204824859847,0.294399486192049
25-27,14.453255000000004,27.16756900000001,15.76189594905879,24.80847703043862,2.6977501838388447
25-28,14.453255000000002,27.16756900000001,13.854593622322582,30.566781820131837,3.4515276678119196
25-29,14.453255000000002,27.16756900000001,15.855080604094606,23.33601468960438,4.079941599803427
25-30,14.453255000000004,27.16756900000001,11.045372743281304,30.39419409187274,4.693055610064817
25-31,14.453255,27.16756900000001,14.574188267923832,31.097123698853856,3.931415137908368
25-32,14.453255000000004,27.16756900000001,15.975757012160358,26.04847879028815,1.8895436683245141
25-33,14.453255000000004,27.16756900000001,16.65123038389615,23.773217210724425,4.043849633402777
25-34,14.453255,27.16756900000001,15.770465684331752,25.27703984139374,2.304158086255857
25-35,14.453255,27.16756900000001,12.73140452399296,28.353307350995774,2.0906325594775903
26-26,14.831192999999995,24.038379,14.858195267927922,28.194639234232618,4.156347947072843
26-27,14.831192999999995,24.038379,16.29955020888032,21.944525363903875,2.5574002311456407
26-28,14.831192999999995,24.038379,20.030567785308538,22.844277320479137,5.3347330747786055
26-29,14.831192999999995,24.038379,14.665278710556628,27.411042629871858,3.376742144686491
26-30,14.831192999999995,24.038379,19.99718795969911,21.880350235179797,5.598624123249218
26-31,14.831193,24.038379,15.84278103335152,22.538571093549724,1.8090699559361298
26-32,14.831192999999995,24.038379,16.971145153239252,23.33378674602821,2.252963706434344
26-33,14.831192999999994,24.038379000000006,15.50871205347461,22.92444645411843,1.3037936127299241
26-34,14.831192999999994,24.038379000000006,19.400411821619638,20.08505492494867,6.042063545033578
26-35,14.831192999999995,24.038379,14.479875580100252,23.988176271527315,0.35488624018284304
27-26,15.020160999999998,20.283352999999998,17.043939017591402,21.906681017342038,2.594392282669263
27-27,15.020160999999998,20.283352999999998,17.94123980096997,19.242412535531923,3.101009257007013
27-28,15.020160999999998,20.283352999999998,17.30628852889035,20.020162655572808,2.3012275497546963
27-29,15.020160999999998,20.283352999999998,17.974701659675286,19.743728569340092,3.0034155616297116
27-30,15.020160999999998,20.283352999999998,13.456001787001169,24.426152228423042,4.428247903023462
27-31,15.020160999999998,20.283352999999998,17.604598410269695,19.545044866717685,2.687827306073132
27-32,15.020160999999998,20.283353,15.44971706640371,23.5877667822208,3.3322168084197337
27-33,15.020160999999998,20.283352999999998,16.120699016447926,24.390894461662484,4.2524205794962855
27-34,15.020160999999998,20.283352999999998,17.43606654847415,19.791855979840367,2.465394276778868
27-35,15.020160999999998,20.283352999999998,19.284605907149825,23.84606829234775,5.556836385970403
28-26,15.020160999999998,17.279329999999995,17.06774279189814,21.161740053675768,4.389270898383413
28-27,15.020160999999998,17.279329999999998,15.093980146825642,28.222511486107553,10.943430463265402
28-28,15.020160999999998,17.279329999999998,18.71573393753291,23.36385663321142,7.1188990501962275
28-29,15.020160999999998,17.279329999999998,14.573481006654317,24.824014586877308,7.557895774084169
28-30,15.020160999999998,17.279329999999998,17.05683538354882,17.144198302587426,2.041152400054825
28-31,15.020160999999998,17.279329999999995,19.162741825514065,17.722919407125755,4.166263008744286
28-32,15.020160999999998,17.279329999999998,15.221341016486083,26.107316736666547,8.830278773730411
28-33,15.020160999999998,17.279329999999998,16.098167762198088,21.429116648987314,4.287520007120455
28-34,15.020160999999998,17.279329999999998,17.11267771877222,24.057344701641593,7.093666859531174
28-35,15.020160999999998,17.279329999999998,16.44877222541825,24.31139429329063,7.175713083615042
29-26,18.799539000000006,16.90383,14.707827097736976,20.336279846195463,5.340769442483753
29-27,18.799539000000006,16.90383,19.879528984404594,20.343663611760793,3.6053895272235876
29-28,18.799539000000006,16.90383,21.15862737301936,17.54125217406143,2.4436867597342142
29-29,18.799539000000006,16.90383,20.07171636623716,17.003738651333848,1.2760944282369722
29-30,18.799539000000006,16.90383,16.46391613344759,20.825591285917305,4.564575090682843
29-31,18.799539000000006,16.90383,17.145987832257365,24.28728233185811,7.56634652928109
29-32,18.799539000000006,16.90383,18.732828268506395,17.295342699984033,0.39715553117790114
29-33,18.799539000000006,16.90383,18.15811979099602,18.681986326339914,1.8903064626091604
29-34,18.799539000000006,16.90383,18.15811979099602,18.333038084630637,1.566542163764791
29-35,18.799539000000006,16.90383,18.845450054253106,18.272927991119793,1.3698675608214421
30-26,18.610570000000003,20.095603,18.682425296704874,22.009671609862163,1.9154168807140177
30-27,18.610570000000003,20.095603000000004,20.5203794654033,19.6431598501994,1.9626708837564983
30-28,18.610570000000006,20.095603,18.556127454513046,23.343379652739607,3.2482329314320397
30-29,18.610570000000003,20.095603000000004,20.786750909443388,20.37944055954732,2.194613203012233
30-30,18.610570000000003,20.095603,20.05081253587262,22.392985334009335,2.7115058824857754
30-31,18.610570000000003,20.095603,20.12105053437625,20.14833253019274,1.5114006246141014
30-32,18.610570000000003,20.095603000000004,18.762622236840112,24.5561131459374,4.463101012159429
30-33,18.610570000000003,20.095603000000004,19.819318364166712,19.623698516671656,1.2976002655907137
30-34,18.610570000000003,20.095603,20.964605517283534,20.485413303340895,2.3860920538032606
30-35,18.610570000000003,20.095603,20.788091017049744,20.37944055954732,2.1959420620551717
31-26,18.799539000000006,23.287376000000002,21.15891448490973,24.533130319589546,2.668062312534885
31-27,18.799539000000006,23.287376000000002,19.08611500954704,23.445573669673202,0.32734127747342273
31-28,18.799539000000006,23.287376000000002,19.308978136904575,25.421855699864878,2.1944320047213406
31-29,18.799539000000006,23.287376000000002,17.48917226287112,26.88134605032683,3.825399548860227
31-30,18.799539000000006,23.287376000000002,16.76310435315264,28.486324847650632,5.5835593657959945
31-31,18.799539000000006,23.287376000000002,18.29772136553568,23.596790016818755,0.5895404753393008
31-32,18.799539000000006,23.287376000000002,19.091313803926955,23.810521783609655,0.5990108906482144
31-33,18.799539000000006,23.287376000000002,18.729145534587076,25.209312446570493,1.9232251414301054
31-34,18.799539000000006,23.287376000000002,19.061761659353788,23.377737724669938,0.2773553034717289
31-35,18.799539000000006,23.287376000000002,18.438780825969793,24.995352320833003,1.7456602111109278
32-26,18.610570000000003,27.042401000000005,20.27317361153389,28.393915309312927,2.142624954900671
32-27,18.610570000000003,27.042401,19.358051767880987,26.33399945412781,1.0298357847290962
32-28,18.610570000000003,27.042401000000005,18.67791577889173,24.70030287963927,2.343066166230015
32-29,18.610570000000003,27.042401000000005,19.132294288717116,26.496602085709196,0.7550448253437702
32-30,18.610570000000003,27.042401000000005,17.70420586463985,28.06285908557667,1.364855541911285
32-31,18.610570000000003,27.042401000000005,19.576333027204,26.927536136771185,0.972569874877279
32-32,18.610570000000003,27.042401,19.829484521970052,25.46323096708604,1.994876087561068
32-33,18.610570000000003,27.042401,19.829484521970052,24.897691866181226,2.4668866776881253
32-34,18.610570000000003,27.042401000000005,18.6740738965293,24.86588262735775,2.1774445966140443
32-35,18.610570000000003,27.042401000000005,19.841438111189074,26.929856869642787,1.2360026247625913
33-26,22.01201,27.042401,19.999961450418667,28.06994302300211,2.2592436732029624
33-27,22.012009999999997,27.042401,20.643281819869507,28.973813979987227,2.367228956046807
33-28,22.01200999999999,27.042401,22.1611542889505,26.90729810949175,0.2012381920765471
33-29,22.01201,27.042401,22.069766074440945,26.29070132801704,0.7539152213572298
33-30,22.01201,27.042401,20.680903052382245,29.114714604994447,2.462991957648528
33-31,22.012009999999997,27.042401,22.726430466601094,27.70050042347238,0.971334882660562
33-32,22.01201,27.042401,20.752527253086452,29.64718551864135,2.8933024692082476
33-33,22.012009999999997,27.042401,21.925798385306663,28.487515699406813,1.4476839907071128
33-34,22.01200999999999,27.042401,21.7551027985297,29.65786884158696,2.6280550489939976
33-35,22.01201,27.042401,19.76487418749745,26.034085053468942,2.4629901355588735
34-26,22.01201,23.662879,20.29247130712843,25.866449143949467,2.7950911784032986
34-27,22.01201,23.662879,20.29807987173595,22.784302356421527,1.9259941337431006
34-28,22.01201,23.662879,20.40151339724504,24.131145216892506,1.6771918665937082
34-29,22.01201,23.662879,20.493636262712986,24.293276810237597,1.644037774880885
34-30,22.01201,23.662879,21.352677745824426,24.352971286852178,0.954435113440988
34-31,22.01201,23.662879,20.462330787153082,26.719791125919446,3.427275508085568
34-32,22.01201,23.662879,21.071352663786126,21.851987472415335,2.040628420083114
34-33,22.012009999999997,23.662878999999997,22.86171043401335,20.151421010352152,3.612800581352943
34-34,22.01201,23.662879,21.20858430728549,20.681833105397093,3.087414366333524
34-35,22.01201,23.662879,23.468689247851888,21.047967407577143,2.9932719668132033
35-26,22.389948,20.283352999999998,17.213084522314375,22.49096647748826,5.627919041047332
35-27,22.389948,20.283352999999998,21.72651093003004,21.83716271369678,1.689518680627356
35-28,22.389948,20.283352999999998,20.734974667411493,20.768807313904283,1.7247036332272834
35-29,22.389948,20.283352999999998,21.431500784122314,23.789012549024502,3.6343183596501802
35-30,22.389948,20.283352999999998,19.768953450350946,19.938925973217938,2.6435284008438384
35-31,22.389948,20.283352999999998,20.83154884296355,25.11794618562623,5.079556988867782
35-32,22.389948,20.283352999999998,12.03963138351577,27.140337392318347,12.415606671361935
35-33,22.389948,20.283352999999998,20.401956968312994,23.620466604165497,3.8843835481546374
35-34,22.389948,20.283352999999998,21.264140380406364,27.358132625158913,7.163794353615883
35-35,22.389948,20.283352999999998,15.754791622138283,22.709304034725534,7.064739102158333
36-26,22.57891799999999,17.279329999999995,23.979658006794573,15.405779365278358,2.3392871879059083
36-27,22.578917999999994,17.279329999999998,20.055343911604304,16.328196180881864,2.696865165612176
36-28,22.578917999999994,17.279329999999998,22.264646337327466,20.140669581960125,2.8785466612946733
36-29,22.57891799999999,17.279329999999995,23.199113443758257,15.793100768982205,1.610440845107402
36-30,22.578917999999994,17.279329999999998,17.500211475113,22.191309572418316,7.065465539211451
36-31,22.57891799999999,17.279329999999995,21.935074105311266,17.904491986331575,0.8974198960809779
36-32,22.57891799999999,17.279329999999995,21.365905807541292,17.689344725156865,1.2804337756787434
36-33,22.57891799999999,17.279329999999995,22.5465858920026,20.568374781527584,3.2892036939206766
36-34,22.578917999999994,17.279329999999995,21.617126993436774,19.540077397264074,2.4568314420289816
36-35,22.578917999999994,17.279329999999998,19.2655656951448,18.256635867670372,3.4544797372501934
37-26,25.224481000000008,27.480487,27.01035365915244,28.380494870974683,1.9998388241367249
37-27,25.224481000000008,27.480487,23.776701924822422,30.539904072271955,3.3846856682166466
37-28,25.224481000000008,27.480487,23.88734489815139,26.41711794382396,1.708416431816212
37-29,25.224481000000008,27.480487,23.175690590726703,28.07055977687874,2.1320712987945933
37-30,25.224481,27.480487,27.80632246801037,28.241409744145024,2.691636823290828
37-31,25.224481,27.480487,21.77634215657851,27.726286209574354,3.4568885916296845
37-32,25.224481,27.480487000000004,21.834992647597485,22.405461692560376,6.102828292048287
37-33,25.224481,27.480487000000004,23.32009604159248,28.76604691113574,2.2976828229605886
37-34,25.224481000000004,27.480487,25.413161514974224,24.65034237513109,2.8364271424461664
37-35,25.224481000000004,27.480487,24.42320037024446,26.024092751116942,1.6622679855550035
38-26,27.870046,29.733503000000002,26.237539301156627,29.96242823677465,1.6484795679051687
38-27,27.870046,29.733503000000002,26.942091691247334,30.80624409519893,1.4184049691330156
38-28,27.870046,29.73350300000001,23.472300622751703,27.912212413093012,4.759964685274964
38-29,27.870046,29.733502999999995,28.369225090535142,30.826841195461054,1.2019018986928742
38-30,27.870046,29.733503000000002,25.622241450081006,30.967593863306007,2.5642943578169577
38-31,27.870046,29.733503,27.27135572605195,29.652127295721503,0.6041953735066247
38-32,27.870046,29.733503,27.49138953265625,31.35485258643207,1.664979039413018
38-33,27.870046,29.733503000000002,25.990202409091076,37.28033674329641,7.777436047646976
38-34,27.870046,29.733503000000002,25.07139483281338,29.6589300990319,2.7996445262128953
38-35,27.870046,29.733502999999995,28.734998366254498,33.71077011275545,4.07023295182172
39-26,27.870046,33.425946,27.62417364233356,30.928161544907137,2.5098566493662577
39-27,27.870046,33.425946,28.490275294688754,33.45360570007568,0.6208457433198581
39-28,27.870046,33.425946,28.34550306305135,29.65533848772436,3.8004658175590693
39-29,27.870046,33.425946,27.425201335291543,33.25183122563126,0.47770569430671156
39-30,27.870046,33.425946,28.895874248008376,33.405566250215756,1.026030666507198
39-31,27.870046,33.425946,27.5339194585528,26.095280448438604,7.338367562388398
39-32,27.870046,33.425946,27.806702486990893,30.473395451679828,2.953229950583954
39-33,27.870046,33.425946,23.520605762165836,34.94625140840826,4.607489437570778
39-34,27.870046,33.425946,29.203428223095983,34.50568222661669,1.715732634164436
39-35,27.870046,33.425946,27.462721932559532,25.283718786847494,8.15240926883075
40-26,27.870046,37.180972,28.095796169101753,37.61848595505739,0.49232265814141757
40-27,27.870046,37.180972,27.98233982391431,40.35784680821938,3.1788588282571197
40-28,27.870046,37.180972,27.97894667940346,38.92434054760636,1.746766512948329
40-29,27.870046,37.180972,27.3650362771828,38.05408011391433,1.0086389833448588
40-30,27.870046,37.180972,27.76010200578408,38.475375611333455,1.299064429078576
40-31,27.870046,37.180972,26.982196879283308,36.577152638258326,1.0737196481258597
40-32,27.870046,37.180972,27.454806506181818,37.57375846945029,0.5715811821689066
40-33,27.870046,37.180972,28.959650398086126,37.80408263398078,1.2551910637462969
40-34,27.870046,37.180972,27.542252305444862,39.519653511229244,2.3615418516629383
40-35,27.870046,37.180972,27.818747435738633,37.03432515412171,0.1553603556295091
41-26,27.870046,41.31150300000001,28.58730231376408,41.16052763899083,0.7329735188028909
41-27,27.870046,41.31150300000001,27.933069209917278,39.90812282161052,1.4047945935562234
41-28,27.870046,41.31150300000001,28.454974534200854,41.479789222804484,0.6086556028725597
41-29,27.870046,41.31150300000001,27.762259892730718,39.71215539450657,1.6029755481971242
41-30,27.870046,41.31150300000001,22.58141235587031,40.45222264779824,5.357985493214822
41-31,27.870046,41.31150300000001,28.232602640045894,36.639255436905444,4.686293269534512
41-32,27.870046,41.31150300000001,27.852777037799004,37.30572294114457,4.005817282026149
41-33,27.870046,41.31150300000001,28.740363135536594,36.69276393043997,4.700021543470724
41-34,27.870046,41.31150300000001,27.848430955036974,41.23885756041441,0.0757929420285197
41-35,27.870046,41.31150300000001,27.7870342839427,40.56109820983171,0.7549823137731791
42-26,28.059013,45.254282,27.836205247711405,46.1882906349275,0.9602163426015082
42-27,28.059013,45.254282,28.160632205719402,46.26457670867803,1.0153924666619587
42-28,28.059013,45.254282,28.15086382663641,49.27496869491753,4.021735704026389
42-29,28.059013,45.254282,27.90193009421318,48.294819616211946,3.0445925893114554
42-30,28.059013,45.254282,28.13212672283685,44.28711224816784,0.9699293506880583
42-31,28.059013,45.254282,28.15086382663641,46.17726652790363,0.9275435370392476
42-32,28.059013,45.254282,28.028015161196798,44.048409579259015,1.206270766086205
42-33,28.059013,45.254282,28.05377412684983,47.76956843261188,2.5152918884044544
42-34,28.059013,45.254282,27.542252305444862,46.1009804541531,0.9919374414257971
42-35,28.059013,45.254282,28.366464172915936,49.36227887569193,4.119485957546402
43-26,28.059013,48.821556,27.442697576776776,47.717195551149416,1.264696288398241
43-27,28.059013,48.821556,28.260474216890636,43.37702601377553,5.448255995528158
43-28,28.059013,48.821556,27.33755074838579,38.89847007087066,9.949278473205432
43-29,28.059013,48.821556,28.761674165936114,49.52847197642518,0.996726096698518
43-30,28.059013,48.821556,28.35164416091353,49.56865852625964,0.8023684821085222
43-31,28.059013,48.821556,28.574719566121995,51.13777177963613,2.372932531737207
43-32,28.059013,48.821556,28.873367352222516,49.54506133655608,1.0893268485669856
43-33,28.059013000000004,48.821556,28.685725073414062,51.13777177963613,2.3995048574233726
43-34,28.059013,48.821556,28.67528497383373,49.64494460001017,1.0284745657329728
43-35,28.059013,48.821556,28.460690184331046,44.95453198991622,3.887829632967032
44-26,28.059013,52.20108000000002,28.632434512685006,53.10180937398227,1.0677666582003853
44-27,28.059013,52.20108000000001,28.236451408569543,53.4840545695742,1.2951865251807404
44-28,28.059013,52.20108000000002,27.7116925653835,51.91309686767023,0.4511826335406455
44-29,28.059013,52.20108000000002,28.356158981807496,48.937308176846386,3.277270548507695
44-30,28.059013,52.20108000000002,28.052353378478095,54.22087260253015,2.01980358148862
44-31,28.059013,52.20108000000001,27.878917278164668,54.280247621601156,2.086952914595331
44-32,28.059013,52.20108000000002,27.94999038084556,51.38303051825269,0.8252823068952647
44-33,28.059013,52.20108000000002,27.74187828577255,52.04302406355164,0.35433897049957663
44-34,28.059013,52.20108000000002,27.66916133012793,51.925559664641064,0.4773843102766908
44-35,28.059013,52.20108000000002,27.07792713631407,50.6910351027096,1.8007679094645161
45-26,27.870046,55.39285400000003,27.95478541178284,55.55617020334184,0.18399171226793581
45-27,27.870046,55.39285400000001,27.8318445779187,56.71401693621824,1.3217151178244975
45-28,27.870046,55.39285400000001,28.35154342376447,56.71401693621824,1.4061690058910463
45-29,27.870046,55.39285400000002,28.099032858036338,55.55617020334184,0.2812599570279104
45-30,27.870046,55.39285400000002,27.77316788139158,56.71401693621824,1.3247101093831288
45-31,27.870046,55.39285400000002,28.036751449074494,55.55617020334184,0.2333728540878659
45-32,27.870046,55.39285400000002,27.925972106273967,55.55617020334184,0.1726265090794414
45-33,27.870046,55.39285400000001,26.47680986264708,55.36952214047942,1.3934314874060971
45-34,27.870046,55.39285400000002,27.925972106273967,55.55617020334184,0.1726265090794414
45-35,27.870046,55.39285400000003,27.925274118561525,55.2669111266058,0.13752000741216194
46-26,27.870046,58.58462699999998,28.232894304076062,56.39464279295028,2.2198400210145772
46-27,27.870046,58.58462699999999,28.19368354339975,56.81745734883364,1.7965605571483583
46-28,27.870046,58.58462699999999,27.584928858195806,57.15120719108103,1.4615006442529774
46-29,27.870046,58.58462699999999,27.663424618195226,57.15120719108103,1.4482350444662597
46-30,27.870046,58.58462699999998,28.19368354339975,56.81745734883364,1.7965605571483512
46-31,27.870046,58.58462699999999,27.738460581916936,57.706188279344246,0.8882394430554155
46-32,27.870046,58.584627000000005,27.365966241306364,60.54055527942844,2.0198395573392727
46-33,27.870046,58.58462699999999,27.85895809577442,58.47213886228955,0.11303328158413878
46-34,27.870046,58.584627000000005,26.123743942342916,55.542860698058426,3.507408318431817
46-35,27.870046,58.584627000000005,27.570022669169422,60.51446980259003,1.9530251513360473
